Chain,Protein,Residue_name,UniProt_number,MD_composite_number
A,Cyclin D1,ASP,19,1
A,Cyclin D1,ALA,20,2
A,Cyclin D1,ASN,21,3
A,Cyclin D1,LEU,22,4
A,Cyclin D1,LEU,23,5
A,Cyclin D1,ASN,24,6
A,Cyclin D1,ASP,25,7
A,Cyclin D1,ARG,26,8
A,Cyclin D1,VAL,27,9
A,Cyclin D1,LEU,28,10
A,Cyclin D1,ARG,29,11
A,Cyclin D1,ALA,30,12
A,Cyclin D1,MET,31,13
A,Cyclin D1,LEU,32,14
A,Cyclin D1,LYS,33,15
A,Cyclin D1,ALA,34,16
A,Cyclin D1,GLU,35,17
A,Cyclin D1,GLU,36,18
A,Cyclin D1,THR,37,19
A,Cyclin D1,CYS,38,20
A,Cyclin D1,ALA,39,21
A,Cyclin D1,PRO,40,22
A,Cyclin D1,SER,41,23
A,Cyclin D1,VAL,42,24
A,Cyclin D1,SER,43,25
A,Cyclin D1,TYR,44,26
A,Cyclin D1,PHE,45,27
A,Cyclin D1,LYS,46,28
A,Cyclin D1,CYS,47,29
A,Cyclin D1,VAL,48,30
A,Cyclin D1,GLN,49,31
A,Cyclin D1,LYS,50,32
A,Cyclin D1,GLU,51,33
A,Cyclin D1,VAL,52,34
A,Cyclin D1,LEU,53,35
A,Cyclin D1,PRO,54,36
A,Cyclin D1,SER,55,37
A,Cyclin D1,MET,56,38
A,Cyclin D1,ARG,57,39
A,Cyclin D1,LYS,58,40
A,Cyclin D1,ILE,59,41
A,Cyclin D1,VAL,60,42
A,Cyclin D1,ALA,61,43
A,Cyclin D1,THR,62,44
A,Cyclin D1,TRP,63,45
A,Cyclin D1,MET,64,46
A,Cyclin D1,LEU,65,47
A,Cyclin D1,GLU,66,48
A,Cyclin D1,VAL,67,49
A,Cyclin D1,CYS,68,50
A,Cyclin D1,GLU,69,51
A,Cyclin D1,GLU,70,52
A,Cyclin D1,GLN,71,53
A,Cyclin D1,LYS,72,54
A,Cyclin D1,CYS,73,55
A,Cyclin D1,GLU,74,56
A,Cyclin D1,GLU,75,57
A,Cyclin D1,GLU,76,58
A,Cyclin D1,VAL,77,59
A,Cyclin D1,PHE,78,60
A,Cyclin D1,PRO,79,61
A,Cyclin D1,LEU,80,62
A,Cyclin D1,ALA,81,63
A,Cyclin D1,MET,82,64
A,Cyclin D1,ASN,83,65
A,Cyclin D1,TYR,84,66
A,Cyclin D1,LEU,85,67
A,Cyclin D1,ASP,86,68
A,Cyclin D1,ARG,87,69
A,Cyclin D1,PHE,88,70
A,Cyclin D1,LEU,89,71
A,Cyclin D1,SER,90,72
A,Cyclin D1,LEU,91,73
A,Cyclin D1,GLU,92,74
A,Cyclin D1,PRO,93,75
A,Cyclin D1,VAL,94,76
A,Cyclin D1,LYS,95,77
A,Cyclin D1,LYS,96,78
A,Cyclin D1,SER,97,79
A,Cyclin D1,ARG,98,80
A,Cyclin D1,LEU,99,81
A,Cyclin D1,GLN,100,82
A,Cyclin D1,LEU,101,83
A,Cyclin D1,LEU,102,84
A,Cyclin D1,GLY,103,85
A,Cyclin D1,ALA,104,86
A,Cyclin D1,THR,105,87
A,Cyclin D1,CYS,106,88
A,Cyclin D1,MET,107,89
A,Cyclin D1,PHE,108,90
A,Cyclin D1,VAL,109,91
A,Cyclin D1,ALA,110,92
A,Cyclin D1,SER,111,93
A,Cyclin D1,LYS,112,94
A,Cyclin D1,MET,113,95
A,Cyclin D1,LYS,114,96
A,Cyclin D1,GLU,115,97
A,Cyclin D1,THR,116,98
A,Cyclin D1,ILE,117,99
A,Cyclin D1,PRO,118,100
A,Cyclin D1,LEU,119,101
A,Cyclin D1,THR,120,102
A,Cyclin D1,ALA,121,103
A,Cyclin D1,GLU,122,104
A,Cyclin D1,LYS,123,105
A,Cyclin D1,LEU,124,106
A,Cyclin D1,CYS,125,107
A,Cyclin D1,ILE,126,108
A,Cyclin D1,TYR,127,109
A,Cyclin D1,THR,128,110
A,Cyclin D1,ASP,129,111
A,Cyclin D1,ASN,130,112
A,Cyclin D1,SER,131,113
A,Cyclin D1,ILE,132,114
A,Cyclin D1,ARG,133,115
A,Cyclin D1,PRO,134,116
A,Cyclin D1,GLU,135,117
A,Cyclin D1,GLU,136,118
A,Cyclin D1,LEU,137,119
A,Cyclin D1,LEU,138,120
A,Cyclin D1,GLN,139,121
A,Cyclin D1,MET,140,122
A,Cyclin D1,GLU,141,123
A,Cyclin D1,LEU,142,124
A,Cyclin D1,LEU,143,125
A,Cyclin D1,LEU,144,126
A,Cyclin D1,VAL,145,127
A,Cyclin D1,ASN,146,128
A,Cyclin D1,LYS,147,129
A,Cyclin D1,LEU,148,130
A,Cyclin D1,LYS,149,131
A,Cyclin D1,TRP,150,132
A,Cyclin D1,ASN,151,133
A,Cyclin D1,LEU,152,134
A,Cyclin D1,ALA,153,135
A,Cyclin D1,ALA,154,136
A,Cyclin D1,MET,155,137
A,Cyclin D1,THR,156,138
A,Cyclin D1,PRO,157,139
A,Cyclin D1,HIS,158,140
A,Cyclin D1,ASP,159,141
A,Cyclin D1,PHE,160,142
A,Cyclin D1,ILE,161,143
A,Cyclin D1,GLU,162,144
A,Cyclin D1,HIS,163,145
A,Cyclin D1,PHE,164,146
A,Cyclin D1,LEU,165,147
A,Cyclin D1,SER,166,148
A,Cyclin D1,LYS,167,149
A,Cyclin D1,MET,168,150
A,Cyclin D1,PRO,169,151
A,Cyclin D1,GLU,170,152
A,Cyclin D1,ALA,171,153
A,Cyclin D1,GLU,172,154
A,Cyclin D1,GLU,173,155
A,Cyclin D1,ASN,174,156
A,Cyclin D1,LYS,175,157
A,Cyclin D1,GLN,176,158
A,Cyclin D1,ILE,177,159
A,Cyclin D1,ILE,178,160
A,Cyclin D1,ARG,179,161
A,Cyclin D1,LYS,180,162
A,Cyclin D1,HIS,181,163
A,Cyclin D1,ALA,182,164
A,Cyclin D1,GLN,183,165
A,Cyclin D1,THR,184,166
A,Cyclin D1,PHE,185,167
A,Cyclin D1,VAL,186,168
A,Cyclin D1,ALA,187,169
A,Cyclin D1,LEU,188,170
A,Cyclin D1,CYS,189,171
A,Cyclin D1,ALA,190,172
A,Cyclin D1,THR,191,173
A,Cyclin D1,ASP,192,174
A,Cyclin D1,VAL,193,175
A,Cyclin D1,LYS,194,176
A,Cyclin D1,PHE,195,177
A,Cyclin D1,ILE,196,178
A,Cyclin D1,SER,197,179
A,Cyclin D1,ASN,198,180
A,Cyclin D1,PRO,199,181
A,Cyclin D1,PRO,200,182
A,Cyclin D1,SER,201,183
A,Cyclin D1,MET,202,184
A,Cyclin D1,VAL,203,185
A,Cyclin D1,ALA,204,186
A,Cyclin D1,ALA,205,187
A,Cyclin D1,GLY,206,188
A,Cyclin D1,SER,207,189
A,Cyclin D1,VAL,208,190
A,Cyclin D1,VAL,209,191
A,Cyclin D1,ALA,210,192
A,Cyclin D1,ALA,211,193
A,Cyclin D1,VAL,212,194
A,Cyclin D1,GLN,213,195
A,Cyclin D1,GLY,214,196
A,Cyclin D1,LEU,215,197
A,Cyclin D1,ASN,216,198
A,Cyclin D1,LEU,217,199
A,Cyclin D1,ARG,218,200
A,Cyclin D1,SER,219,201
A,Cyclin D1,PRO,220,202
A,Cyclin D1,ASN,221,203
A,Cyclin D1,ASN,222,204
A,Cyclin D1,PHE,223,205
A,Cyclin D1,LEU,224,206
A,Cyclin D1,SER,225,207
A,Cyclin D1,TYR,226,208
A,Cyclin D1,TYR,227,209
A,Cyclin D1,ARG,228,210
A,Cyclin D1,LEU,229,211
A,Cyclin D1,THR,230,212
A,Cyclin D1,ARG,231,213
A,Cyclin D1,PHE,232,214
A,Cyclin D1,LEU,233,215
A,Cyclin D1,SER,234,216
A,Cyclin D1,ARG,235,217
A,Cyclin D1,VAL,236,218
A,Cyclin D1,ILE,237,219
A,Cyclin D1,LYS,238,220
A,Cyclin D1,CYS,239,221
A,Cyclin D1,ASP,240,222
A,Cyclin D1,PRO,241,223
A,Cyclin D1,ASP,242,224
A,Cyclin D1,CYS,243,225
A,Cyclin D1,LEU,244,226
A,Cyclin D1,ARG,245,227
A,Cyclin D1,ALA,246,228
A,Cyclin D1,CYS,247,229
A,Cyclin D1,GLN,248,230
A,Cyclin D1,GLU,249,231
A,Cyclin D1,GLN,250,232
A,Cyclin D1,ILE,251,233
A,Cyclin D1,GLU,252,234
A,Cyclin D1,ALA,253,235
A,Cyclin D1,LEU,254,236
A,Cyclin D1,LEU,255,237
A,Cyclin D1,GLU,256,238
A,Cyclin D1,SER,257,239
A,Cyclin D1,SER,258,240
A,Cyclin D1,LEU,259,241
A,Cyclin D1,ARG,260,242
A,Cyclin D1,GLN,261,243
A,Cyclin D1,ALA,262,244
B,CDK4,GLY,18,245
B,CDK4,THR,19,246
B,CDK4,VAL,20,247
B,CDK4,TYR,21,248
B,CDK4,LYS,22,249
B,CDK4,ALA,23,250
B,CDK4,ARG,24,251
B,CDK4,ASP,25,252
B,CDK4,PRO,26,253
B,CDK4,GLY,29,254
B,CDK4,HIS,30,255
B,CDK4,PHE,31,256
B,CDK4,VAL,32,257
B,CDK4,ALA,33,258
B,CDK4,LEU,34,259
B,CDK4,LYS,35,260
B,CDK4,SER,36,261
B,CDK4,VAL,37,262
B,CDK4,ARG,38,263
B,CDK4,VAL,39,264
B,CDK4,PRO,40,265
B,CDK4,ASN,41,266
B,CDK4,GLY,42,267
B,CDK4,GLU,43,268
B,CDK4,GLU,44,269
B,CDK4,GLY,45,270
B,CDK4,LEU,46,271
B,CDK4,PRO,47,272
B,CDK4,ILE,48,273
B,CDK4,SER,49,274
B,CDK4,THR,50,275
B,CDK4,VAL,51,276
B,CDK4,ARG,52,277
B,CDK4,GLU,53,278
B,CDK4,VAL,54,279
B,CDK4,ALA,55,280
B,CDK4,LEU,56,281
B,CDK4,LEU,57,282
B,CDK4,ARG,58,283
B,CDK4,ARG,59,284
B,CDK4,LEU,60,285
B,CDK4,GLU,61,286
B,CDK4,ALA,62,287
B,CDK4,PHE,63,288
B,CDK4,GLU,64,289
B,CDK4,HIS,65,290
B,CDK4,PRO,66,291
B,CDK4,ASN,67,292
B,CDK4,VAL,68,293
B,CDK4,VAL,69,294
B,CDK4,ARG,70,295
B,CDK4,LEU,71,296
B,CDK4,MET,72,297
B,CDK4,ASP,73,298
B,CDK4,VAL,74,299
B,CDK4,CYS,75,300
B,CDK4,ALA,76,301
B,CDK4,THR,77,302
B,CDK4,SER,78,303
B,CDK4,ARG,82,304
B,CDK4,GLU,83,305
B,CDK4,ILE,84,306
B,CDK4,LYS,85,307
B,CDK4,VAL,86,308
B,CDK4,THR,87,309
B,CDK4,LEU,88,310
B,CDK4,VAL,89,311
B,CDK4,PHE,90,312
B,CDK4,GLU,91,313
B,CDK4,HIS,92,314
B,CDK4,VAL,93,315
B,CDK4,ASP,94,316
B,CDK4,GLN,95,317
B,CDK4,ASP,96,318
B,CDK4,LEU,97,319
B,CDK4,ARG,98,320
B,CDK4,THR,99,321
B,CDK4,TYR,100,322
B,CDK4,LEU,101,323
B,CDK4,ASP,102,324
B,CDK4,LYS,103,325
B,CDK4,ALA,104,326
B,CDK4,PRO,105,327
B,CDK4,PRO,106,328
B,CDK4,PRO,107,329
B,CDK4,GLY,108,330
B,CDK4,LEU,109,331
B,CDK4,PRO,110,332
B,CDK4,ALA,111,333
B,CDK4,GLU,112,334
B,CDK4,THR,113,335
B,CDK4,ILE,114,336
B,CDK4,LYS,115,337
B,CDK4,ASP,116,338
B,CDK4,LEU,117,339
B,CDK4,MET,118,340
B,CDK4,ARG,119,341
B,CDK4,GLN,120,342
B,CDK4,PHE,121,343
B,CDK4,LEU,122,344
B,CDK4,ARG,123,345
B,CDK4,GLY,124,346
B,CDK4,LEU,125,347
B,CDK4,ASP,126,348
B,CDK4,PHE,127,349
B,CDK4,LEU,128,350
B,CDK4,HIS,129,351
B,CDK4,ALA,130,352
B,CDK4,ASN,131,353
B,CDK4,CYS,132,354
B,CDK4,ILE,133,355
B,CDK4,VAL,134,356
B,CDK4,HIS,135,357
B,CDK4,ARG,136,358
B,CDK4,ASP,137,359
B,CDK4,LEU,138,360
B,CDK4,LYS,139,361
B,CDK4,PRO,140,362
B,CDK4,GLU,141,363
B,CDK4,ASN,142,364
B,CDK4,ILE,143,365
B,CDK4,LEU,144,366
B,CDK4,VAL,145,367
B,CDK4,THR,146,368
B,CDK4,SER,147,369
B,CDK4,GLY,148,370
B,CDK4,GLY,149,371
B,CDK4,THR,150,372
B,CDK4,VAL,151,373
B,CDK4,LYS,152,374
B,CDK4,LEU,153,375
B,CDK4,ALA,154,376
B,CDK4,ASP,155,377
B,CDK4,PHE,156,378
B,CDK4,GLY,157,379
B,CDK4,LEU,158,380
B,CDK4,THR,174,381
B,CDK4,LEU,175,382
B,CDK4,TRP,176,383
B,CDK4,TYR,177,384
B,CDK4,ARG,178,385
B,CDK4,ALA,179,386
B,CDK4,PRO,180,387
B,CDK4,GLU,181,388
B,CDK4,VAL,182,389
B,CDK4,LEU,183,390
B,CDK4,LEU,184,391
B,CDK4,GLN,185,392
B,CDK4,SER,186,393
B,CDK4,THR,187,394
B,CDK4,TYR,188,395
B,CDK4,ALA,189,396
B,CDK4,THR,190,397
B,CDK4,PRO,191,398
B,CDK4,VAL,192,399
B,CDK4,ASP,193,400
B,CDK4,MET,194,401
B,CDK4,TRP,195,402
B,CDK4,SER,196,403
B,CDK4,VAL,197,404
B,CDK4,GLY,198,405
B,CDK4,CYS,199,406
B,CDK4,ILE,200,407
B,CDK4,PHE,201,408
B,CDK4,ALA,202,409
B,CDK4,GLU,203,410
B,CDK4,MET,204,411
B,CDK4,PHE,205,412
B,CDK4,ARG,206,413
B,CDK4,ARG,207,414
B,CDK4,LYS,208,415
B,CDK4,PRO,209,416
B,CDK4,LEU,210,417
B,CDK4,PHE,211,418
B,CDK4,CYS,212,419
B,CDK4,GLY,213,420
B,CDK4,ASN,214,421
B,CDK4,SER,215,422
B,CDK4,GLU,216,423
B,CDK4,ALA,217,424
B,CDK4,ASP,218,425
B,CDK4,GLN,219,426
B,CDK4,LEU,220,427
B,CDK4,GLY,221,428
B,CDK4,LYS,222,429
B,CDK4,ILE,223,430
B,CDK4,PHE,224,431
B,CDK4,ASP,225,432
B,CDK4,LEU,226,433
B,CDK4,ILE,227,434
B,CDK4,GLY,228,435
B,CDK4,LEU,229,436
B,CDK4,PRO,230,437
B,CDK4,PRO,231,438
B,CDK4,GLU,232,439
B,CDK4,ASP,233,440
B,CDK4,ASP,234,441
B,CDK4,TRP,235,442
B,CDK4,PRO,236,443
B,CDK4,ARG,237,444
B,CDK4,ASP,238,445
B,CDK4,VAL,239,446
B,CDK4,SER,240,447
B,CDK4,LEU,241,448
B,CDK4,PRO,242,449
B,CDK4,ARG,243,450
B,CDK4,GLY,244,451
B,CDK4,ALA,245,452
B,CDK4,PHE,246,453
B,CDK4,PRO,247,454
B,CDK4,PRO,248,455
B,CDK4,ARG,249,456
B,CDK4,GLY,250,457
B,CDK4,PRO,251,458
B,CDK4,ARG,252,459
B,CDK4,PRO,253,460
B,CDK4,VAL,254,461
B,CDK4,GLN,255,462
B,CDK4,SER,256,463
B,CDK4,VAL,257,464
B,CDK4,VAL,258,465
B,CDK4,PRO,259,466
B,CDK4,GLU,260,467
B,CDK4,MET,261,468
B,CDK4,GLU,262,469
B,CDK4,GLU,263,470
B,CDK4,SER,264,471
B,CDK4,GLY,265,472
B,CDK4,ALA,266,473
B,CDK4,GLN,267,474
B,CDK4,LEU,268,475
B,CDK4,LEU,269,476
B,CDK4,LEU,270,477
B,CDK4,GLU,271,478
B,CDK4,MET,272,479
B,CDK4,LEU,273,480
B,CDK4,THR,274,481
B,CDK4,PHE,275,482
B,CDK4,ASN,276,483
B,CDK4,PRO,277,484
B,CDK4,HIS,278,485
B,CDK4,LYS,279,486
B,CDK4,ARG,280,487
B,CDK4,ILE,281,488
B,CDK4,SER,282,489
B,CDK4,ALA,283,490
B,CDK4,PHE,284,491
B,CDK4,ARG,285,492
B,CDK4,ALA,286,493
B,CDK4,LEU,287,494
B,CDK4,GLN,288,495
B,CDK4,HIS,289,496
B,CDK4,SER,290,497
B,CDK4,TYR,291,498
B,CDK4,LEU,292,499
B,CDK4,HIS,293,500
B,CDK4,LYS,294,501
B,CDK4,ASP,295,502
C,p21,GLY,14,503
C,p21,SER,15,504
C,p21,LYS,16,505
C,p21,ALA,17,506
C,p21,CYS,18,507
C,p21,ARG,19,508
C,p21,ARG,20,509
C,p21,LEU,21,510
C,p21,PHE,22,511
C,p21,GLY,23,512
C,p21,PRO,24,513
C,p21,VAL,25,514
C,p21,ASP,26,515
C,p21,SER,27,516
C,p21,GLU,28,517
C,p21,GLN,29,518
C,p21,LEU,30,519
C,p21,SER,31,520
C,p21,ARG,32,521
C,p21,ASP,33,522
C,p21,CYS,34,523
C,p21,ASP,35,524
C,p21,ALA,36,525
C,p21,LEU,37,526
C,p21,MET,38,527
C,p21,ALA,39,528
C,p21,GLY,40,529
C,p21,CYS,41,530
C,p21,ILE,42,531
C,p21,GLN,43,532
C,p21,GLU,44,533
C,p21,ALA,45,534
C,p21,ARG,46,535
C,p21,GLU,47,536
C,p21,ARG,48,537
C,p21,TRP,49,538
C,p21,ASN,50,539
C,p21,PHE,51,540
C,p21,ASP,52,541
C,p21,PHE,53,542
C,p21,VAL,54,543
C,p21,THR,55,544
C,p21,GLU,56,545
C,p21,THR,57,546
C,p21,PRO,58,547
C,p21,LEU,59,548
C,p21,GLU,60,549
C,p21,GLY,61,550
C,p21,ASP,62,551
C,p21,PHE,63,552
C,p21,ALA,64,553
C,p21,TRP,65,554
C,p21,GLU,66,555
C,p21,ARG,67,556
