chain, residue_label, residue_name, score, zscore, probability, pocket
A,   19, ASP,  0.0434,  -0.3049,   0.0014, 0
A,   20, ALA,  0.0268,  -0.3123,   0.0009, 0
A,   21, ASN,  0.0791,  -0.2889,   0.0026, 0
A,   22, LEU,  0.0570,  -0.2988,   0.0018, 0
A,   23, LEU,  0.1834,  -0.2424,   0.0077, 0
A,   24, ASN,  0.1605,  -0.2526,   0.0064, 0
A,   25, ASP,  0.1632,  -0.2514,   0.0065, 0
A,   26, ARG,  0.9233,   0.0879,   0.1320, 2
A,   27, VAL,  0.7741,   0.0213,   0.0950, 0
A,   28, LEU,  0.1208,  -0.2703,   0.0043, 0
A,   29, ARG,  0.3428,  -0.1712,   0.0211, 0
A,   30, ALA,  1.6746,   0.4233,   0.3260, 2
A,   31, MET,  0.8195,   0.0416,   0.1059, 0
A,   32, LEU,  0.1177,  -0.2717,   0.0042, 0
A,   33, LYS,  0.6424,  -0.0375,   0.0663, 2
A,   34, ALA,  0.3474,  -0.1691,   0.0216, 0
A,   35, GLU,  0.1532,  -0.2559,   0.0060, 0
A,   36, GLU,  0.0555,  -0.2994,   0.0018, 0
A,   37, THR,  0.2731,  -0.2023,   0.0144, 0
A,   38, CYS,  0.6438,  -0.0369,   0.0666, 0
A,   39, ALA,  0.4539,  -0.1216,   0.0346, 0
A,   40, PRO,  0.3193,  -0.1817,   0.0187, 0
A,   41, SER,  0.0898,  -0.2841,   0.0030, 0
A,   42, VAL,  0.0381,  -0.3072,   0.0012, 0
A,   43, SER,  0.0555,  -0.2994,   0.0018, 0
A,   44, TYR,  0.0232,  -0.3139,   0.0009, 0
A,   45, PHE,  0.0664,  -0.2946,   0.0021, 0
A,   46, LYS,  0.0392,  -0.3068,   0.0013, 0
A,   47, CYS,  0.0563,  -0.2991,   0.0018, 0
A,   48, VAL,  0.0360,  -0.3082,   0.0012, 0
A,   49, GLN,  0.0188,  -0.3159,   0.0008, 0
A,   50, LYS,  0.0276,  -0.3119,   0.0010, 0
A,   51, GLU,  0.0448,  -0.3042,   0.0014, 0
A,   52, VAL,  0.0066,  -0.3213,   0.0006, 0
A,   53, LEU,  0.0994,  -0.2799,   0.0034, 0
A,   54, PRO,  0.0540,  -0.3001,   0.0017, 0
A,   55, SER,  0.2142,  -0.2286,   0.0098, 0
A,   56, MET,  0.2439,  -0.2154,   0.0120, 0
A,   57, ARG,  0.0016,  -0.3235,   0.0005, 0
A,   58, LYS,  0.3927,  -0.1489,   0.0268, 0
A,   59, ILE,  0.3997,  -0.1458,   0.0276, 0
A,   60, VAL,  0.0557,  -0.2994,   0.0018, 0
A,   61, ALA,  0.0710,  -0.2925,   0.0023, 0
A,   62, THR,  0.6265,  -0.0446,   0.0633, 0
A,   63, TRP,  0.2219,  -0.2252,   0.0103, 0
A,   64, MET,  0.0498,  -0.3020,   0.0016, 0
A,   65, LEU,  1.0757,   0.1560,   0.1721, 0
A,   66, GLU,  0.2161,  -0.2277,   0.0099, 0
A,   67, VAL,  0.0000,  -0.3242,   0.0005, 0
A,   68, CYS,  0.4289,  -0.1328,   0.0312, 0
A,   69, GLU,  0.7778,   0.0230,   0.0959, 0
A,   70, GLU,  0.1959,  -0.2368,   0.0085, 0
A,   71, GLN,  0.2023,  -0.2339,   0.0089, 0
A,   72, LYS,  0.0677,  -0.2940,   0.0022, 0
A,   73, CYS,  0.1235,  -0.2691,   0.0045, 0
A,   74, GLU,  0.3435,  -0.1709,   0.0212, 0
A,   75, GLU,  0.7553,   0.0129,   0.0906, 0
A,   76, GLU,  0.4293,  -0.1326,   0.0313, 0
A,   77, VAL,  0.1218,  -0.2699,   0.0044, 0
A,   78, PHE,  0.5626,  -0.0731,   0.0515, 0
A,   79, PRO,  0.8349,   0.0485,   0.1096, 0
A,   80, LEU,  0.3375,  -0.1736,   0.0206, 0
A,   81, ALA,  0.0401,  -0.3063,   0.0013, 0
A,   82, MET,  0.1191,  -0.2711,   0.0043, 0
A,   83, ASN,  0.6242,  -0.0456,   0.0629, 0
A,   84, TYR,  0.0271,  -0.3122,   0.0010, 0
A,   85, LEU,  0.0000,  -0.3242,   0.0005, 0
A,   86, ASP,  0.1942,  -0.2375,   0.0084, 0
A,   87, ARG,  0.2788,  -0.1998,   0.0149, 0
A,   88, PHE,  0.8445,   0.0527,   0.1121, 3
A,   89, LEU,  0.0000,  -0.3242,   0.0005, 0
A,   90, SER,  0.1033,  -0.2781,   0.0035, 0
A,   91, LEU,  0.2962,  -0.1920,   0.0165, 0
A,   92, GLU,  0.6861,  -0.0180,   0.0754, 0
A,   93, PRO,  0.6951,  -0.0139,   0.0772, 3
A,   94, VAL,  0.8067,   0.0359,   0.1028, 3
A,   95, LYS,  0.2808,  -0.1989,   0.0151, 3
A,   96, LYS,  0.4376,  -0.1289,   0.0324, 0
A,   97, SER,  0.1935,  -0.2379,   0.0084, 0
A,   98, ARG,  0.5000,  -0.1010,   0.0413, 3
A,   99, LEU,  0.0321,  -0.3099,   0.0011, 0
A,  100, GLN,  0.1166,  -0.2722,   0.0042, 0
A,  101, LEU,  0.4208,  -0.1364,   0.0302, 3
A,  102, LEU,  0.2420,  -0.2162,   0.0118, 0
A,  103, GLY,  0.0000,  -0.3242,   0.0005, 0
A,  104, ALA,  0.0000,  -0.3242,   0.0005, 0
A,  105, THR,  0.0000,  -0.3242,   0.0005, 0
A,  106, CYS,  0.0000,  -0.3242,   0.0005, 0
A,  107, MET,  0.0000,  -0.3242,   0.0005, 0
A,  108, PHE,  0.0300,  -0.3109,   0.0010, 0
A,  109, VAL,  0.0000,  -0.3242,   0.0005, 0
A,  110, ALA,  0.0000,  -0.3242,   0.0005, 0
A,  111, SER,  0.0023,  -0.3232,   0.0005, 0
A,  112, LYS,  0.0390,  -0.3068,   0.0013, 0
A,  113, MET,  0.2583,  -0.2089,   0.0131, 0
A,  114, LYS,  0.2861,  -0.1965,   0.0156, 0
A,  115, GLU,  0.0134,  -0.3182,   0.0007, 0
A,  116, THR,  0.0270,  -0.3122,   0.0010, 0
A,  117, ILE,  0.0421,  -0.3055,   0.0013, 0
A,  118, PRO,  0.0590,  -0.2979,   0.0019, 0
A,  119, LEU,  0.0356,  -0.3083,   0.0012, 0
A,  120, THR,  0.0407,  -0.3061,   0.0013, 0
A,  121, ALA,  0.0147,  -0.3177,   0.0007, 0
A,  122, GLU,  0.0076,  -0.3209,   0.0006, 0
A,  123, LYS,  0.1567,  -0.2543,   0.0062, 0
A,  124, LEU,  0.0000,  -0.3242,   0.0005, 0
A,  125, CYS,  0.0130,  -0.3184,   0.0007, 0
A,  126, ILE,  0.2509,  -0.2122,   0.0125, 0
A,  127, TYR,  0.2139,  -0.2288,   0.0097, 0
A,  128, THR,  0.1164,  -0.2723,   0.0042, 0
A,  129, ASP,  0.0799,  -0.2886,   0.0026, 0
A,  130, ASN,  0.0690,  -0.2934,   0.0022, 0
A,  131, SER,  0.2108,  -0.2301,   0.0095, 0
A,  132, ILE,  0.1412,  -0.2612,   0.0053, 0
A,  133, ARG,  0.0633,  -0.2960,   0.0020, 0
A,  134, PRO,  0.0152,  -0.3175,   0.0007, 0
A,  135, GLU,  0.0456,  -0.3039,   0.0014, 0
A,  136, GLU,  0.0281,  -0.3117,   0.0010, 0
A,  137, LEU,  0.0017,  -0.3235,   0.0005, 0
A,  138, LEU,  0.0617,  -0.2967,   0.0020, 0
A,  139, GLN,  0.1300,  -0.2662,   0.0048, 0
A,  140, MET,  0.7974,   0.0317,   0.1006, 3
A,  141, GLU,  0.0209,  -0.3149,   0.0008, 0
A,  142, LEU,  0.0889,  -0.2846,   0.0029, 0
A,  143, LEU,  0.7968,   0.0315,   0.1005, 3
A,  144, LEU,  0.0000,  -0.3242,   0.0005, 0
A,  145, VAL,  0.0443,  -0.3045,   0.0014, 0
A,  146, ASN,  0.2884,  -0.1955,   0.0158, 0
A,  147, LYS,  0.4384,  -0.1285,   0.0325, 0
A,  148, LEU,  0.4060,  -0.1430,   0.0284, 0
A,  149, LYS,  0.5379,  -0.0841,   0.0473, 0
A,  150, TRP,  0.5635,  -0.0727,   0.0517, 0
A,  151, ASN,  0.2663,  -0.2054,   0.0138, 0
A,  152, LEU,  0.1386,  -0.2624,   0.0052, 0
A,  153, ALA,  0.3521,  -0.1671,   0.0221, 0
A,  154, ALA,  0.4178,  -0.1377,   0.0298, 0
A,  155, MET,  1.2710,   0.2432,   0.2235, 0
A,  156, THR,  0.5127,  -0.0954,   0.0433, 0
A,  157, PRO,  0.5147,  -0.0945,   0.0436, 0
A,  158, HIS,  0.1642,  -0.2510,   0.0066, 0
A,  159, ASP,  0.6335,  -0.0414,   0.0646, 0
A,  160, PHE,  0.0692,  -0.2934,   0.0022, 0
A,  161, ILE,  0.1113,  -0.2745,   0.0039, 0
A,  162, GLU,  0.0297,  -0.3110,   0.0010, 0
A,  163, HIS,  0.3435,  -0.1709,   0.0212, 0
A,  164, PHE,  0.0349,  -0.3087,   0.0011, 0
A,  165, LEU,  0.0066,  -0.3213,   0.0006, 0
A,  166, SER,  0.0569,  -0.2988,   0.0018, 0
A,  167, LYS,  0.1568,  -0.2542,   0.0062, 0
A,  168, MET,  0.0520,  -0.3010,   0.0017, 0
A,  169, PRO,  0.0812,  -0.2880,   0.0026, 0
A,  170, GLU,  0.1132,  -0.2737,   0.0040, 0
A,  171, ALA,  0.0085,  -0.3204,   0.0006, 0
A,  172, GLU,  0.0086,  -0.3204,   0.0006, 0
A,  173, GLU,  0.0266,  -0.3124,   0.0009, 0
A,  174, ASN,  0.5230,  -0.0907,   0.0449, 0
A,  175, LYS,  0.0069,  -0.3211,   0.0006, 0
A,  176, GLN,  0.0097,  -0.3199,   0.0006, 0
A,  177, ILE,  0.5974,  -0.0575,   0.0577, 0
A,  178, ILE,  0.5068,  -0.0980,   0.0424, 0
A,  179, ARG,  0.0141,  -0.3180,   0.0007, 0
A,  180, LYS,  0.1029,  -0.2783,   0.0035, 0
A,  181, HIS,  0.4969,  -0.1024,   0.0408, 0
A,  182, ALA,  0.0269,  -0.3122,   0.0009, 0
A,  183, GLN,  0.3364,  -0.1741,   0.0204, 0
A,  184, THR,  0.2903,  -0.1946,   0.0159, 0
A,  185, PHE,  0.1741,  -0.2465,   0.0072, 0
A,  186, VAL,  0.1501,  -0.2573,   0.0058, 0
A,  187, ALA,  0.8692,   0.0638,   0.1182, 0
A,  188, LEU,  0.5705,  -0.0696,   0.0529, 0
A,  189, CYS,  0.0112,  -0.3193,   0.0006, 0
A,  190, ALA,  0.0000,  -0.3242,   0.0005, 0
A,  191, THR,  0.4729,  -0.1131,   0.0372, 0
A,  192, ASP,  0.0305,  -0.3106,   0.0010, 0
A,  193, VAL,  0.0584,  -0.2982,   0.0019, 0
A,  194, LYS,  0.0370,  -0.3077,   0.0012, 0
A,  195, PHE,  0.7018,  -0.0109,   0.0786, 0
A,  196, ILE,  0.3325,  -0.1758,   0.0200, 0
A,  197, SER,  0.1325,  -0.2651,   0.0049, 0
A,  198, ASN,  0.5053,  -0.0987,   0.0422, 0
A,  199, PRO,  0.4368,  -0.1292,   0.0323, 0
A,  200, PRO,  0.6326,  -0.0419,   0.0644, 0
A,  201, SER,  0.0530,  -0.3006,   0.0017, 0
A,  202, MET,  0.1166,  -0.2722,   0.0042, 0
A,  203, VAL,  0.1569,  -0.2542,   0.0062, 0
A,  204, ALA,  0.0000,  -0.3242,   0.0005, 0
A,  205, ALA,  0.0000,  -0.3242,   0.0005, 0
A,  206, GLY,  0.0000,  -0.3242,   0.0005, 0
A,  207, SER,  0.0000,  -0.3242,   0.0005, 0
A,  208, VAL,  0.0000,  -0.3242,   0.0005, 0
A,  209, VAL,  0.0453,  -0.3040,   0.0014, 0
A,  210, ALA,  0.0900,  -0.2840,   0.0030, 0
A,  211, ALA,  0.5729,  -0.0685,   0.0533, 0
A,  212, VAL,  0.4991,  -0.1014,   0.0412, 0
A,  213, GLN,  0.3930,  -0.1488,   0.0268, 0
A,  214, GLY,  0.6726,  -0.0240,   0.0726, 0
A,  215, LEU,  0.5067,  -0.0980,   0.0424, 0
A,  216, ASN,  0.1550,  -0.2551,   0.0061, 0
A,  217, LEU,  0.2094,  -0.2308,   0.0094, 0
A,  218, ARG,  0.1651,  -0.2505,   0.0066, 0
A,  219, SER,  0.0882,  -0.2849,   0.0029, 0
A,  220, PRO,  0.1574,  -0.2540,   0.0062, 0
A,  221, ASN,  0.2982,  -0.1911,   0.0166, 0
A,  222, ASN,  0.2148,  -0.2284,   0.0098, 0
A,  223, PHE,  0.2856,  -0.1968,   0.0155, 0
A,  224, LEU,  0.1102,  -0.2750,   0.0039, 0
A,  225, SER,  0.0624,  -0.2964,   0.0020, 0
A,  226, TYR,  0.1828,  -0.2426,   0.0077, 0
A,  227, TYR,  0.1467,  -0.2587,   0.0056, 0
A,  228, ARG,  0.1153,  -0.2728,   0.0041, 0
A,  229, LEU,  0.0466,  -0.3034,   0.0015, 0
A,  230, THR,  0.1123,  -0.2741,   0.0040, 0
A,  231, ARG,  0.2057,  -0.2324,   0.0092, 0
A,  232, PHE,  0.1919,  -0.2386,   0.0083, 0
A,  233, LEU,  0.0032,  -0.3228,   0.0005, 0
A,  234, SER,  0.0760,  -0.2903,   0.0025, 0
A,  235, ARG,  0.2077,  -0.2315,   0.0093, 0
A,  236, VAL,  0.1568,  -0.2542,   0.0062, 0
A,  237, ILE,  0.0667,  -0.2944,   0.0021, 0
A,  238, LYS,  0.1476,  -0.2583,   0.0057, 0
A,  239, CYS,  0.0915,  -0.2834,   0.0030, 0
A,  240, ASP,  0.0866,  -0.2856,   0.0028, 0
A,  241, PRO,  0.0864,  -0.2857,   0.0028, 0
A,  242, ASP,  0.0593,  -0.2978,   0.0019, 0
A,  243, CYS,  0.0959,  -0.2814,   0.0032, 0
A,  244, LEU,  0.0667,  -0.2945,   0.0021, 0
A,  245, ARG,  0.1459,  -0.2591,   0.0056, 0
A,  246, ALA,  0.0334,  -0.3093,   0.0011, 0
A,  247, CYS,  0.0276,  -0.3119,   0.0010, 0
A,  248, GLN,  0.1190,  -0.2711,   0.0043, 0
A,  249, GLU,  0.0145,  -0.3177,   0.0007, 0
A,  250, GLN,  0.0342,  -0.3090,   0.0011, 0
A,  251, ILE,  0.0339,  -0.3091,   0.0011, 0
A,  252, GLU,  0.1091,  -0.2755,   0.0038, 0
A,  253, ALA,  0.0244,  -0.3134,   0.0009, 0
A,  254, LEU,  0.1626,  -0.2517,   0.0065, 0
A,  255, LEU,  0.2355,  -0.2191,   0.0113, 0
A,  256, GLU,  0.0197,  -0.3155,   0.0008, 0
A,  257, SER,  0.0930,  -0.2827,   0.0031, 0
A,  258, SER,  0.5038,  -0.0993,   0.0419, 0
A,  259, LEU,  0.1810,  -0.2434,   0.0076, 0
A,  260, ARG,  0.0383,  -0.3072,   0.0012, 0
A,  261, GLN,  0.2991,  -0.1907,   0.0167, 0
A,  262, ALA,  0.0068,  -0.3212,   0.0006, 0
B,   18, GLY,  0.0465,  -0.3035,   0.0015, 0
B,   19, THR,  0.0317,  -0.3101,   0.0011, 0
B,   20, VAL,  0.1830,  -0.2425,   0.0077, 0
B,   21, TYR,  0.1283,  -0.2670,   0.0047, 0
B,   22, LYS,  0.0514,  -0.3013,   0.0016, 0
B,   23, ALA,  0.1563,  -0.2545,   0.0061, 0
B,   24, ARG,  0.1551,  -0.2550,   0.0061, 0
B,   25, ASP,  0.2880,  -0.1957,   0.0157, 0
B,   26, PRO,  0.2000,  -0.2350,   0.0088, 0
B,   29, GLY,  0.2230,  -0.2247,   0.0104, 0
B,   30, HIS,  0.2027,  -0.2337,   0.0090, 0
B,   31, PHE,  0.1909,  -0.2390,   0.0082, 0
B,   32, VAL,  0.2483,  -0.2134,   0.0123, 0
B,   33, ALA,  0.3425,  -0.1713,   0.0211, 1
B,   34, LEU,  0.1132,  -0.2737,   0.0040, 0
B,   35, LYS,  1.1254,   0.1782,   0.1851, 1
B,   36, SER,  0.0406,  -0.3061,   0.0013, 0
B,   37, VAL,  0.9788,   0.1127,   0.1463, 0
B,   38, ARG,  0.2258,  -0.2234,   0.0106, 0
B,   39, VAL,  0.8420,   0.0516,   0.1114, 0
B,   40, PRO,  0.0957,  -0.2815,   0.0032, 0
B,   41, ASN,  0.1074,  -0.2763,   0.0037, 0
B,   42, GLY,  0.0331,  -0.3094,   0.0011, 0
B,   43, GLU,  0.0064,  -0.3214,   0.0006, 0
B,   44, GLU,  0.0583,  -0.2982,   0.0019, 0
B,   45, GLY,  0.0427,  -0.3052,   0.0014, 0
B,   46, LEU,  0.0548,  -0.2998,   0.0018, 0
B,   47, PRO,  0.0769,  -0.2899,   0.0025, 0
B,   48, ILE,  0.0760,  -0.2903,   0.0025, 0
B,   49, SER,  0.1604,  -0.2526,   0.0064, 0
B,   50, THR,  0.9323,   0.0920,   0.1343, 0
B,   51, VAL,  0.0187,  -0.3159,   0.0008, 0
B,   52, ARG,  0.2282,  -0.2224,   0.0108, 0
B,   53, GLU,  0.8665,   0.0626,   0.1175, 0
B,   54, VAL,  0.9226,   0.0876,   0.1318, 0
B,   55, ALA,  0.1418,  -0.2609,   0.0053, 0
B,   56, LEU,  0.4994,  -0.1013,   0.0412, 0
B,   57, LEU,  0.4089,  -0.1417,   0.0287, 1
B,   58, ARG,  0.2812,  -0.1987,   0.0152, 0
B,   59, ARG,  0.8925,   0.0742,   0.1242, 0
B,   60, LEU,  0.2167,  -0.2275,   0.0100, 0
B,   61, GLU,  0.2531,  -0.2113,   0.0127, 0
B,   62, ALA,  0.0549,  -0.2997,   0.0018, 0
B,   63, PHE,  1.5844,   0.3831,   0.3041, 2
B,   64, GLU,  0.1224,  -0.2696,   0.0044, 0
B,   65, HIS,  1.4086,   0.3046,   0.2597, 2
B,   66, PRO,  0.5182,  -0.0929,   0.0442, 0
B,   67, ASN,  0.4475,  -0.1245,   0.0337, 0
B,   68, VAL,  0.1592,  -0.2532,   0.0063, 0
B,   69, VAL,  1.0060,   0.1248,   0.1536, 1
B,   70, ARG,  0.3660,  -0.1608,   0.0236, 0
B,   71, LEU,  0.1981,  -0.2358,   0.0087, 1
B,   72, MET,  0.4281,  -0.1331,   0.0311, 0
B,   73, ASP,  0.2201,  -0.2260,   0.0102, 0
B,   74, VAL,  0.6077,  -0.0529,   0.0597, 0
B,   75, CYS,  0.2121,  -0.2296,   0.0096, 0
B,   76, ALA,  0.1155,  -0.2727,   0.0041, 0
B,   77, THR,  0.1308,  -0.2658,   0.0048, 0
B,   78, SER,  0.1911,  -0.2389,   0.0082, 0
B,   82, ARG,  0.1836,  -0.2423,   0.0077, 0
B,   83, GLU,  0.0458,  -0.3038,   0.0015, 0
B,   84, ILE,  0.0624,  -0.2964,   0.0020, 0
B,   85, LYS,  0.0999,  -0.2796,   0.0034, 0
B,   86, VAL,  0.9308,   0.0913,   0.1339, 0
B,   87, THR,  0.2945,  -0.1928,   0.0163, 0
B,   88, LEU,  1.0088,   0.1261,   0.1543, 0
B,   89, VAL,  0.0105,  -0.3196,   0.0006, 0
B,   90, PHE,  1.3879,   0.2954,   0.2542, 1
B,   91, GLU,  0.7073,  -0.0085,   0.0798, 1
B,   92, HIS,  0.6964,  -0.0134,   0.0775, 1
B,   93, VAL,  0.2613,  -0.2076,   0.0134, 0
B,   94, ASP,  0.0908,  -0.2837,   0.0030, 0
B,   95, GLN,  0.0300,  -0.3108,   0.0010, 0
B,   96, ASP,  0.0156,  -0.3173,   0.0007, 0
B,   97, LEU,  0.1782,  -0.2447,   0.0074, 4
B,   98, ARG,  0.0332,  -0.3094,   0.0011, 0
B,   99, THR,  0.0059,  -0.3216,   0.0005, 0
B,  100, TYR,  0.1295,  -0.2664,   0.0047, 0
B,  101, LEU,  0.0310,  -0.3104,   0.0010, 0
B,  102, ASP,  0.0252,  -0.3130,   0.0009, 0
B,  103, LYS,  0.0717,  -0.2922,   0.0023, 0
B,  104, ALA,  0.0465,  -0.3035,   0.0015, 0
B,  105, PRO,  0.1008,  -0.2792,   0.0034, 0
B,  106, PRO,  0.0618,  -0.2967,   0.0020, 0
B,  107, PRO,  0.1276,  -0.2673,   0.0047, 0
B,  108, GLY,  0.1338,  -0.2645,   0.0049, 0
B,  109, LEU,  0.1722,  -0.2474,   0.0071, 0
B,  110, PRO,  0.0605,  -0.2972,   0.0019, 0
B,  111, ALA,  0.0522,  -0.3009,   0.0017, 0
B,  112, GLU,  0.0409,  -0.3060,   0.0013, 0
B,  113, THR,  0.1165,  -0.2722,   0.0042, 0
B,  114, ILE,  0.0374,  -0.3075,   0.0012, 0
B,  115, LYS,  0.0506,  -0.3016,   0.0016, 0
B,  116, ASP,  0.0798,  -0.2886,   0.0026, 0
B,  117, LEU,  0.2460,  -0.2144,   0.0121, 4
B,  118, MET,  0.1778,  -0.2449,   0.0074, 0
B,  119, ARG,  0.1426,  -0.2606,   0.0054, 0
B,  120, GLN,  0.2831,  -0.1979,   0.0153, 0
B,  121, PHE,  0.1778,  -0.2449,   0.0074, 4
B,  122, LEU,  0.0260,  -0.3126,   0.0009, 0
B,  123, ARG,  0.7650,   0.0173,   0.0928, 2
B,  124, GLY,  0.3039,  -0.1886,   0.0172, 0
B,  125, LEU,  0.0956,  -0.2815,   0.0032, 0
B,  126, ASP,  0.5528,  -0.0775,   0.0498, 2
B,  127, PHE,  1.3363,   0.2723,   0.2407, 2
B,  128, LEU,  0.0170,  -0.3166,   0.0007, 0
B,  129, HIS,  0.6040,  -0.0546,   0.0589, 0
B,  130, ALA,  1.3681,   0.2865,   0.2490, 2
B,  131, ASN,  1.8166,   0.4867,   0.3584, 2
B,  132, CYS,  0.4660,  -0.1162,   0.0363, 0
B,  133, ILE,  0.2760,  -0.2010,   0.0147, 0
B,  134, VAL,  0.5679,  -0.0707,   0.0524, 0
B,  135, HIS,  0.4140,  -0.1394,   0.0293, 0
B,  136, ARG,  1.1715,   0.1987,   0.1972, 0
B,  137, ASP,  0.7506,   0.0108,   0.0895, 0
B,  138, LEU,  0.1505,  -0.2570,   0.0058, 0
B,  139, LYS,  0.6575,  -0.0307,   0.0694, 0
B,  140, PRO,  0.0053,  -0.3219,   0.0005, 0
B,  141, GLU,  0.1914,  -0.2388,   0.0082, 1
B,  142, ASN,  0.6043,  -0.0545,   0.0590, 0
B,  143, ILE,  0.1905,  -0.2392,   0.0082, 4
B,  144, LEU,  0.6010,  -0.0560,   0.0584, 1
B,  145, VAL,  0.1252,  -0.2683,   0.0045, 0
B,  146, THR,  0.2027,  -0.2338,   0.0090, 0
B,  147, SER,  0.1636,  -0.2512,   0.0066, 0
B,  148, GLY,  0.1574,  -0.2540,   0.0062, 0
B,  149, GLY,  0.1304,  -0.2660,   0.0048, 0
B,  150, THR,  0.1364,  -0.2633,   0.0051, 0
B,  151, VAL,  0.1857,  -0.2413,   0.0079, 4
B,  152, LYS,  0.1154,  -0.2727,   0.0041, 0
B,  153, LEU,  0.4839,  -0.1082,   0.0389, 0
B,  154, ALA,  1.0982,   0.1660,   0.1778, 1
B,  155, ASP,  1.5671,   0.3754,   0.2997, 1
B,  156, PHE,  1.2267,   0.2234,   0.2118, 1
B,  157, GLY,  0.5866,  -0.0624,   0.0557, 0
B,  158, LEU,  1.5671,   0.3754,   0.2997, 1
B,  174, THR,  0.2680,  -0.2046,   0.0140, 0
B,  175, LEU,  0.1647,  -0.2507,   0.0066, 0
B,  176, TRP,  0.2036,  -0.2333,   0.0090, 0
B,  177, TYR,  0.1987,  -0.2355,   0.0087, 0
B,  178, ARG,  0.3462,  -0.1697,   0.0215, 0
B,  179, ALA,  0.1233,  -0.2692,   0.0045, 0
B,  180, PRO,  0.1087,  -0.2757,   0.0038, 0
B,  181, GLU,  0.1651,  -0.2505,   0.0066, 0
B,  182, VAL,  0.4695,  -0.1146,   0.0368, 0
B,  183, LEU,  0.0201,  -0.3153,   0.0008, 0
B,  184, LEU,  0.1110,  -0.2747,   0.0039, 0
B,  185, GLN,  0.1481,  -0.2581,   0.0057, 0
B,  186, SER,  0.2110,  -0.2301,   0.0095, 0
B,  187, THR,  0.2196,  -0.2262,   0.0102, 0
B,  188, TYR,  0.6011,  -0.0559,   0.0584, 0
B,  189, ALA,  0.3293,  -0.1772,   0.0197, 0
B,  190, THR,  0.6124,  -0.0508,   0.0606, 0
B,  191, PRO,  0.3859,  -0.1520,   0.0260, 0
B,  192, VAL,  0.2427,  -0.2159,   0.0119, 0
B,  193, ASP,  0.0325,  -0.3097,   0.0011, 0
B,  194, MET,  0.3905,  -0.1499,   0.0265, 0
B,  195, TRP,  0.0023,  -0.3232,   0.0005, 0
B,  196, SER,  0.1505,  -0.2570,   0.0058, 0
B,  197, VAL,  0.0000,  -0.3242,   0.0005, 0
B,  198, GLY,  0.0000,  -0.3242,   0.0005, 0
B,  199, CYS,  0.0297,  -0.3110,   0.0010, 0
B,  200, ILE,  0.2075,  -0.2316,   0.0093, 0
B,  201, PHE,  0.0000,  -0.3242,   0.0005, 0
B,  202, ALA,  0.1350,  -0.2640,   0.0050, 0
B,  203, GLU,  0.0757,  -0.2905,   0.0024, 0
B,  204, MET,  0.2521,  -0.2117,   0.0126, 4
B,  205, PHE,  0.1289,  -0.2667,   0.0047, 0
B,  206, ARG,  0.2977,  -0.1913,   0.0166, 0
B,  207, ARG,  0.1462,  -0.2590,   0.0056, 0
B,  208, LYS,  0.1204,  -0.2705,   0.0043, 0
B,  209, PRO,  0.1437,  -0.2601,   0.0054, 0
B,  210, LEU,  0.3839,  -0.1529,   0.0257, 0
B,  211, PHE,  0.2960,  -0.1921,   0.0164, 0
B,  212, CYS,  0.1252,  -0.2683,   0.0045, 0
B,  213, GLY,  0.0364,  -0.3080,   0.0012, 0
B,  214, ASN,  0.0310,  -0.3104,   0.0010, 0
B,  215, SER,  0.0161,  -0.3170,   0.0007, 0
B,  216, GLU,  0.0148,  -0.3176,   0.0007, 0
B,  217, ALA,  0.0578,  -0.2984,   0.0019, 0
B,  218, ASP,  0.0511,  -0.3014,   0.0016, 0
B,  219, GLN,  0.0354,  -0.3084,   0.0012, 0
B,  220, LEU,  0.0427,  -0.3052,   0.0014, 0
B,  221, GLY,  0.0549,  -0.2997,   0.0018, 0
B,  222, LYS,  0.1400,  -0.2617,   0.0053, 0
B,  223, ILE,  0.0150,  -0.3175,   0.0007, 0
B,  224, PHE,  0.0278,  -0.3118,   0.0010, 0
B,  225, ASP,  0.0686,  -0.2936,   0.0022, 0
B,  226, LEU,  0.4170,  -0.1381,   0.0297, 0
B,  227, ILE,  0.4543,  -0.1214,   0.0347, 0
B,  228, GLY,  0.1856,  -0.2414,   0.0079, 0
B,  229, LEU,  0.0668,  -0.2944,   0.0021, 0
B,  230, PRO,  0.1833,  -0.2424,   0.0077, 0
B,  231, PRO,  0.1002,  -0.2795,   0.0034, 0
B,  232, GLU,  0.0443,  -0.3045,   0.0014, 0
B,  233, ASP,  0.0299,  -0.3109,   0.0010, 0
B,  234, ASP,  0.2607,  -0.2079,   0.0133, 0
B,  235, TRP,  0.2301,  -0.2215,   0.0109, 0
B,  236, PRO,  0.2302,  -0.2215,   0.0110, 0
B,  237, ARG,  0.1280,  -0.2671,   0.0047, 0
B,  238, ASP,  0.0384,  -0.3071,   0.0012, 0
B,  239, VAL,  0.0499,  -0.3020,   0.0016, 0
B,  240, SER,  0.0095,  -0.3200,   0.0006, 0
B,  241, LEU,  0.0620,  -0.2966,   0.0020, 0
B,  242, PRO,  0.0832,  -0.2871,   0.0027, 0
B,  243, ARG,  0.1009,  -0.2792,   0.0034, 0
B,  244, GLY,  0.0772,  -0.2898,   0.0025, 0
B,  245, ALA,  0.0739,  -0.2913,   0.0024, 0
B,  246, PHE,  0.0803,  -0.2884,   0.0026, 0
B,  247, PRO,  0.0602,  -0.2974,   0.0019, 0
B,  248, PRO,  0.0361,  -0.3081,   0.0012, 0
B,  249, ARG,  0.0790,  -0.2890,   0.0026, 0
B,  250, GLY,  0.0197,  -0.3154,   0.0008, 0
B,  251, PRO,  0.1655,  -0.2504,   0.0067, 0
B,  252, ARG,  0.2456,  -0.2146,   0.0121, 0
B,  253, PRO,  0.2357,  -0.2190,   0.0114, 0
B,  254, VAL,  0.3162,  -0.1831,   0.0183, 0
B,  255, GLN,  0.0838,  -0.2868,   0.0027, 0
B,  256, SER,  0.0852,  -0.2862,   0.0028, 0
B,  257, VAL,  0.3707,  -0.1587,   0.0241, 0
B,  258, VAL,  0.1410,  -0.2613,   0.0053, 0
B,  259, PRO,  0.0169,  -0.3167,   0.0007, 0
B,  260, GLU,  0.1084,  -0.2758,   0.0038, 0
B,  261, MET,  0.0719,  -0.2921,   0.0023, 0
B,  262, GLU,  0.0598,  -0.2976,   0.0019, 0
B,  263, GLU,  0.0234,  -0.3138,   0.0009, 0
B,  264, SER,  0.0197,  -0.3154,   0.0008, 0
B,  265, GLY,  0.0006,  -0.3240,   0.0005, 0
B,  266, ALA,  0.1395,  -0.2619,   0.0052, 0
B,  267, GLN,  0.0250,  -0.3131,   0.0009, 0
B,  268, LEU,  0.0029,  -0.3229,   0.0005, 0
B,  269, LEU,  0.2652,  -0.2058,   0.0137, 0
B,  270, LEU,  0.4256,  -0.1343,   0.0308, 0
B,  271, GLU,  0.0522,  -0.3009,   0.0017, 0
B,  272, MET,  0.0010,  -0.3238,   0.0005, 0
B,  273, LEU,  0.4318,  -0.1315,   0.0316, 0
B,  274, THR,  0.2287,  -0.2221,   0.0108, 0
B,  275, PHE,  0.3641,  -0.1617,   0.0234, 0
B,  276, ASN,  0.2825,  -0.1981,   0.0153, 0
B,  277, PRO,  0.2873,  -0.1960,   0.0157, 0
B,  278, HIS,  0.1452,  -0.2594,   0.0055, 0
B,  279, LYS,  0.1370,  -0.2631,   0.0051, 0
B,  280, ARG,  0.2092,  -0.2309,   0.0094, 0
B,  281, ILE,  0.3089,  -0.1863,   0.0176, 0
B,  282, SER,  0.6075,  -0.0530,   0.0596, 0
B,  283, ALA,  0.5198,  -0.0922,   0.0444, 0
B,  284, PHE,  0.6943,  -0.0143,   0.0771, 0
B,  285, ARG,  0.1183,  -0.2714,   0.0042, 0
B,  286, ALA,  0.0288,  -0.3114,   0.0010, 0
B,  287, LEU,  0.2639,  -0.2064,   0.0136, 0
B,  288, GLN,  0.1914,  -0.2388,   0.0082, 0
B,  289, HIS,  0.0433,  -0.3049,   0.0014, 0
B,  290, SER,  0.0268,  -0.3123,   0.0009, 0
B,  291, TYR,  0.0673,  -0.2942,   0.0022, 0
B,  292, LEU,  0.1216,  -0.2700,   0.0044, 0
B,  293, HIS,  0.1342,  -0.2643,   0.0050, 0
B,  294, LYS,  0.0416,  -0.3057,   0.0013, 0
B,  295, ASP,  0.0327,  -0.3096,   0.0011, 0
C,   14, GLY,  0.1372,  -0.2630,   0.0051, 0
C,   15, SER,  0.2856,  -0.1967,   0.0155, 0
C,   16, LYS,  0.0947,  -0.2820,   0.0032, 0
C,   17, ALA,  0.0330,  -0.3095,   0.0011, 0
C,   18, CYS,  0.3134,  -0.1843,   0.0181, 0
C,   19, ARG,  0.4088,  -0.1418,   0.0287, 0
C,   20, ARG,  0.5402,  -0.0831,   0.0477, 0
C,   21, LEU,  0.7430,   0.0075,   0.0878, 0
C,   22, PHE,  0.6377,  -0.0396,   0.0654, 0
C,   23, GLY,  0.5147,  -0.0945,   0.0436, 0
C,   24, PRO,  0.3695,  -0.1593,   0.0240, 0
C,   25, VAL,  0.2624,  -0.2071,   0.0135, 0
C,   26, ASP,  0.0747,  -0.2909,   0.0024, 0
C,   27, SER,  0.0623,  -0.2964,   0.0020, 0
C,   28, GLU,  0.0438,  -0.3047,   0.0014, 0
C,   29, GLN,  0.0636,  -0.2958,   0.0020, 0
C,   30, LEU,  0.1695,  -0.2486,   0.0069, 3
C,   31, SER,  0.0400,  -0.3064,   0.0013, 0
C,   32, ARG,  0.1111,  -0.2746,   0.0039, 0
C,   33, ASP,  0.1583,  -0.2536,   0.0062, 3
C,   34, CYS,  0.6832,  -0.0192,   0.0748, 3
C,   35, ASP,  0.1040,  -0.2778,   0.0036, 0
C,   36, ALA,  0.0344,  -0.3089,   0.0011, 0
C,   37, LEU,  0.7753,   0.0219,   0.0953, 3
C,   38, MET,  0.1582,  -0.2536,   0.0062, 0
C,   39, ALA,  0.0964,  -0.2812,   0.0032, 0
C,   40, GLY,  0.1217,  -0.2699,   0.0044, 0
C,   41, CYS,  0.3105,  -0.1856,   0.0178, 0
C,   42, ILE,  0.2197,  -0.2261,   0.0102, 0
C,   43, GLN,  0.0818,  -0.2877,   0.0027, 0
C,   44, GLU,  0.2851,  -0.1970,   0.0155, 0
C,   45, ALA,  0.1796,  -0.2441,   0.0075, 0
C,   46, ARG,  0.2782,  -0.2001,   0.0149, 0
C,   47, GLU,  0.0773,  -0.2897,   0.0025, 0
C,   48, ARG,  0.7632,   0.0165,   0.0924, 0
C,   49, TRP,  0.8376,   0.0497,   0.1103, 0
C,   50, ASN,  0.2642,  -0.2063,   0.0136, 0
C,   51, PHE,  0.1912,  -0.2389,   0.0082, 0
C,   52, ASP,  0.2539,  -0.2109,   0.0128, 0
C,   53, PHE,  0.1043,  -0.2777,   0.0036, 0
C,   54, VAL,  0.1757,  -0.2458,   0.0073, 0
C,   55, THR,  0.1421,  -0.2608,   0.0054, 0
C,   56, GLU,  0.0520,  -0.3010,   0.0017, 0
C,   57, THR,  0.1268,  -0.2676,   0.0046, 0
C,   58, PRO,  0.2577,  -0.2092,   0.0131, 0
C,   59, LEU,  0.1834,  -0.2424,   0.0077, 0
C,   60, GLU,  0.1443,  -0.2598,   0.0055, 0
C,   61, GLY,  0.0379,  -0.3073,   0.0012, 0
C,   62, ASP,  0.3243,  -0.1795,   0.0192, 0
C,   63, PHE,  0.1892,  -0.2398,   0.0081, 0
C,   64, ALA,  0.0847,  -0.2864,   0.0028, 0
C,   65, TRP,  0.0379,  -0.3073,   0.0012, 0
C,   66, GLU,  0.0559,  -0.2993,   0.0018, 0
C,   67, ARG,  0.1414,  -0.2611,   0.0053, 0
